d23dc832-2051-452f-a669-291b78180479,water use of cover crops
d23dc832-2051-452f-a669-291b78180479,growing cover crop
d23dc832-2051-452f-a669-291b78180479,soil water
fb30edf4-8710-41cc-b5b5-5d5127c44956,cover crops
fb30edf4-8710-41cc-b5b5-5d5127c44956,water storage with cover crops
fb30edf4-8710-41cc-b5b5-5d5127c44956,cover crops and fallows
2908ca52-0d00-4044-8773-9843e265a4f4,erosion
2908ca52-0d00-4044-8773-9843e265a4f4,cover crops and erosion
2908ca52-0d00-4044-8773-9843e265a4f4,erosion risk with low cover
2908ca52-0d00-4044-8773-9843e265a4f4,dryland cropping
263ba3cf-8a5e-4c7a-a611-7550ddf25dee,cover crop mismanagement
263ba3cf-8a5e-4c7a-a611-7550ddf25dee,cover crop removal
263ba3cf-8a5e-4c7a-a611-7550ddf25dee,cover crops use of water
bb17d118-bc11-4b0d-87f0-2bf836cdc37e,cover crops
bb17d118-bc11-4b0d-87f0-2bf836cdc37e,soil water gain
bb17d118-bc11-4b0d-87f0-2bf836cdc37e,soil water losses
bb17d118-bc11-4b0d-87f0-2bf836cdc37e,fallows and coevr crops
c291cdb9-60ef-4047-8602-e1a0db067423,delaying fungicide on mungbeans
c291cdb9-60ef-4047-8602-e1a0db067423,delaying powdery mildew fungicide applications
c291cdb9-60ef-4047-8602-e1a0db067423,powdery mildew sprays for mungbeans
77bccded-79cb-4524-9ae2-13bf5b06cbf0,powdery mildew on mungbeans
77bccded-79cb-4524-9ae2-13bf5b06cbf0,powdery mildew on mungs
77bccded-79cb-4524-9ae2-13bf5b06cbf0,when to use fungicides for powdery mildew
90c2ab11-4796-4634-9b52-39a1b203b08f,Nitrogen depletion in farming systems
90c2ab11-4796-4634-9b52-39a1b203b08f,higher nitrogen rate to maintain soil
90c2ab11-4796-4634-9b52-39a1b203b08f,nitrogen balance in farming systems
90c2ab11-4796-4634-9b52-39a1b203b08f,Queensland
0f0a4f68-4038-48a8-8e40-991d7998483e,soil nitrogen in cropping sequences
0f0a4f68-4038-48a8-8e40-991d7998483e,soil nitrogen in different farming systems
0f0a4f68-4038-48a8-8e40-991d7998483e,soil nitrogen in cropping systems
0f0a4f68-4038-48a8-8e40-991d7998483e,nitrogen dynamics
9c14e4d9-f73a-44f9-9c44-93db9890c3a4,mineralisation in droughts
9c14e4d9-f73a-44f9-9c44-93db9890c3a4,nitrogen mineralisation
9c14e4d9-f73a-44f9-9c44-93db9890c3a4,mineralisation and movement of nitrogen in droughts
82819792-27d9-433d-b613-a770ea7ff736,nitrogen and crop intensity
82819792-27d9-433d-b613-a770ea7ff736,long fallows and nitrogen
82819792-27d9-433d-b613-a770ea7ff736,nitrogen fertilser needs in different grain systems
f496767f-a980-4ba1-9c7b-8eff7be5070b,loss of applied nitrogen after poor crops
f496767f-a980-4ba1-9c7b-8eff7be5070b,is my nitrogen fertiliser lost after a year
f496767f-a980-4ba1-9c7b-8eff7be5070b,loss of applied nitrogen
f496767f-a980-4ba1-9c7b-8eff7be5070b,nitrogen fertiliser strategies
ef4bacea-107f-42c0-b6d0-29d87ca9c8cf,foliar nitrogen chickpea yield
ef4bacea-107f-42c0-b6d0-29d87ca9c8cf,foliar nitrogen late planting chickpea
ef4bacea-107f-42c0-b6d0-29d87ca9c8cf,foliar nitrogen application timing
ec660d9c-cb0f-4281-88d8-1644081f7c79,deep placement potassium yield
ec660d9c-cb0f-4281-88d8-1644081f7c79,deep placement phosphorus yield
ec660d9c-cb0f-4281-88d8-1644081f7c79,seasonal conditions deep placement potassium and phosphorus yield
cf27bcd0-4692-4984-8b65-33fc618226a8,mungbean yield row spacing
cf27bcd0-4692-4984-8b65-33fc618226a8,plant population mungbean yield
6977ba14-7cef-4b5d-b9cf-283f811d6d11,in-crop rainfall chickpea yield
6977ba14-7cef-4b5d-b9cf-283f811d6d11,chickpea late sowing date
6977ba14-7cef-4b5d-b9cf-283f811d6d11,chickpea yield soil water
127e57df-7d86-48b3-9229-cf27b45ba08a,subsoil P yield rainfall
127e57df-7d86-48b3-9229-cf27b45ba08a,starter P rainfall subsoil deficiency
127e57df-7d86-48b3-9229-cf27b45ba08a,rainfall root access phosphorus
212bfc25-eee0-4cac-b62f-3338890c3808,sowing time yield 
212bfc25-eee0-4cac-b62f-3338890c3808,heat stress yield
212bfc25-eee0-4cac-b62f-3338890c3808,flowering delay yield
3432029e-9dd1-42bf-bc48-5205ca728059,flowering date wheat yield
3432029e-9dd1-42bf-bc48-5205ca728059,genotype flowering date wheat
3432029e-9dd1-42bf-bc48-5205ca728059,wheat genotype heat stress
4f04e456-14ce-43b1-b510-4ff5103aa4c3,grain yield nutrient supply
4f04e456-14ce-43b1-b510-4ff5103aa4c3,grain yield season water use
4f04e456-14ce-43b1-b510-4ff5103aa4c3,grain yield flowering time heat stress
2031dca5-1385-4685-aadd-8bd160aab8b1,sowthistle herbicide
2031dca5-1385-4685-aadd-8bd160aab8b1,TerbyneA XtremeA Group G sowthistle
2031dca5-1385-4685-aadd-8bd160aab8b1,herbicide combination
69088570-ebdf-4a41-952a-5e87d2c5311a,residual herbicide weed control
69088570-ebdf-4a41-952a-5e87d2c5311a,residual herbicide fallow rotation
69088570-ebdf-4a41-952a-5e87d2c5311a,residual herbicide duration
3eb7d12e-7b78-4db9-9a2c-79029db98dce,nematode control
3eb7d12e-7b78-4db9-9a2c-79029db98dce,nematode crop rotation
d1c8518a-56e5-4d26-b276-5bc8643a0150,flowering period frost risk
d1c8518a-56e5-4d26-b276-5bc8643a0150,flowering period grain yield
d1c8518a-56e5-4d26-b276-5bc8643a0150,flowering period grain quality
3bbd4cde-8a07-4285-a9c1-b77c328434a2,awnless barnyard grass germination
3bbd4cde-8a07-4285-a9c1-b77c328434a2,awnless barnyard grass glyphosate
3bbd4cde-8a07-4285-a9c1-b77c328434a2,awnless barnyard grass control
7d874bfb-4361-4da6-9317-a1d41f66b9fd,wheat sowing date central queensland
7d874bfb-4361-4da6-9317-a1d41f66b9fd,wheat variety sowing date
7d874bfb-4361-4da6-9317-a1d41f66b9fd,sowing date wheat yield
62482ef9-c21a-4f71-b8b3-bf6f3953eda9,herbicide weed control
62482ef9-c21a-4f71-b8b3-bf6f3953eda9,herbicide combination
1d1ecb2c-2856-4527-83ac-23a79b1b6365,double crop gross margin
1d1ecb2c-2856-4527-83ac-23a79b1b6365,long fallow gross margin
e37d3688-a676-4d29-98a8-5cbdd07643e8,Collwell P yield deep placement phosphorus
e37d3688-a676-4d29-98a8-5cbdd07643e8,deep placement phosphorus nitrogen
e37d3688-a676-4d29-98a8-5cbdd07643e8,deep placement phosphorus potassium
955130f6-97db-41d1-9b14-c6cd2505d32f,nematode canola
955130f6-97db-41d1-9b14-c6cd2505d32f,nematode durum wheat
955130f6-97db-41d1-9b14-c6cd2505d32f,crop rotation grain yield
b41c6e33-dd45-4d00-bfd7-89e8a4b5f2ca,herbicide broadleaf weed combination
b41c6e33-dd45-4d00-bfd7-89e8a4b5f2ca,herbicide grass weeds combination
eaf5ec37-fb28-4e65-9289-481513ab6f64,sorghum planting date yield
eaf5ec37-fb28-4e65-9289-481513ab6f64,sorghum Queensland NSW planting date
9179392d-9c08-40e6-a058-7da154d1d186,flowering period grain yield
9179392d-9c08-40e6-a058-7da154d1d186,flowering period variety
737c62b4-7288-43d0-8f97-44a07cdcec65,deep placement phosphorus cereal yield
737c62b4-7288-43d0-8f97-44a07cdcec65,deep placement phosphorus legume yield
737c62b4-7288-43d0-8f97-44a07cdcec65,deep placement phosphorus plant uptake
a8467a68-b68f-4e42-9ef4-f25379a0a35a,intensive system soil water
a8467a68-b68f-4e42-9ef4-f25379a0a35a,intensive system weed control
a8467a68-b68f-4e42-9ef4-f25379a0a35a,intensive system risk
63848274-0055-4cf1-a734-f7f1702b187a,soil organic carbon pasture
63848274-0055-4cf1-a734-f7f1702b187a,soil organic carbon pasture nutrition
63848274-0055-4cf1-a734-f7f1702b187a,soil organic carbon pasture nitrogen
18f2404f-f066-44c0-b330-c613475e03a4,chickpea deep palcement phosphorus potassium
18f2404f-f066-44c0-b330-c613475e03a4,mungbean deep placement phosphorus potassium
18f2404f-f066-44c0-b330-c613475e03a4,species deep placement phosphorus potassium
032d334c-ffc9-4d20-bd99-e9e05e250417,powdery mildew mungbean
032d334c-ffc9-4d20-bd99-e9e05e250417,fungicide powdery mildew
032d334c-ffc9-4d20-bd99-e9e05e250417,tebuconazole powdery mildew
271116d2-936b-43b8-943c-92f48f347695,water use efficiency crop rotation
271116d2-936b-43b8-943c-92f48f347695,water use efficiency benchmark 
271116d2-936b-43b8-943c-92f48f347695,water use efficiency farming system
15ad82f4-c56c-4298-b490-58a2faa0f535,pulse crop plant available water
15ad82f4-c56c-4298-b490-58a2faa0f535,soil nitrogen cereal crop
15ad82f4-c56c-4298-b490-58a2faa0f535,soil nitrogen pulse crop
35d3f2bb-0063-4168-bb46-35cb7544fb7e,crop rotation legume
35d3f2bb-0063-4168-bb46-35cb7544fb7e,legume rotation yield
35d3f2bb-0063-4168-bb46-35cb7544fb7e,legume rotation biomass
85053149-485a-46cb-8d6b-1f63e59472fe,yield evaporative stress
85053149-485a-46cb-8d6b-1f63e59472fe,stored soil moisture yield central queensland
85053149-485a-46cb-8d6b-1f63e59472fe,time of seeding yield summer central queensland
c0a12088-c5ae-4fdb-998c-77c9829f17ae,deep placement phosphorus yield
c0a12088-c5ae-4fdb-998c-77c9829f17ae,deep placement potassium yield
39c9ba40-8918-443c-b449-92d6d7d92301,herbicide plant back period
39c9ba40-8918-443c-b449-92d6d7d92301,residual herbicide nodule size chickpea
39c9ba40-8918-443c-b449-92d6d7d92301,plant back period herbicide breakdown
2f78005e-8ed8-4060-b59c-5f63f8614042,deep placement phosphorus economic
2f78005e-8ed8-4060-b59c-5f63f8614042,deep placement potassium economic
10f3395a-fb5e-4b2c-ba2c-eaad46585166,sowthistle herbicide mixing
10f3395a-fb5e-4b2c-ba2c-eaad46585166,Balance A Group D Group K sowthistle
10f3395a-fb5e-4b2c-ba2c-eaad46585166,broadleaf active herbicides mixing
e0f42831-3dcf-4dd6-ad7e-85818a91daf1,deep banded nutrients crop species
e0f42831-3dcf-4dd6-ad7e-85818a91daf1,deep banded potassium crop response
e0f42831-3dcf-4dd6-ad7e-85818a91daf1,deep banded nutrient in-crop rainfall
185f1971-dc56-4406-a733-55bd1d5d8441,crown rot wheat resistance
185f1971-dc56-4406-a733-55bd1d5d8441,crown rot barley resistance
185f1971-dc56-4406-a733-55bd1d5d8441,crown rot durum wheat resistance
e8d2d509-adfc-43fd-a2cf-5d64027286e6,herbicide mixture weed control
e8d2d509-adfc-43fd-a2cf-5d64027286e6,Group D Group B weed control
c889798c-d44c-420f-aab3-1e03e0ae1482,grain yield deep placement phosphorus
c889798c-d44c-420f-aab3-1e03e0ae1482,grain yield deep placement potassium
2f7f037e-8415-48c6-9d9c-6f06d425d560,cover crop soil moisture
2f7f037e-8415-48c6-9d9c-6f06d425d560,cover crop erosion
2f7f037e-8415-48c6-9d9c-6f06d425d560,cover crop rainfall capture
72d17241-85ad-4885-9ca2-fd6cf674f45d,deep banded phosphorus yield
72d17241-85ad-4885-9ca2-fd6cf674f45d,deep banded potassium yield
72d17241-85ad-4885-9ca2-fd6cf674f45d,deep banding in-crop rainfall
37d8446b-57b3-4983-b1bf-75c9d8cd1cfa,row spacing maize yield
37d8446b-57b3-4983-b1bf-75c9d8cd1cfa,water use efficiency row spacing
37d8446b-57b3-4983-b1bf-75c9d8cd1cfa,row spacing plant density
f3795e7b-1798-4e47-8d29-bb9f1a83d2f4,mungbean row spacing profitability
f3795e7b-1798-4e47-8d29-bb9f1a83d2f4,time of sowing mungbean central queensland
f3795e7b-1798-4e47-8d29-bb9f1a83d2f4,mungbean december planting yield
519ba759-00ca-422f-b167-11b9e1751adb,cover crop soil moisture
519ba759-00ca-422f-b167-11b9e1751adb,cover crop fallow
519ba759-00ca-422f-b167-11b9e1751adb,cover crop ground cover
fe569768-ae21-46d8-815c-35eb9d9c74cd,chickpea starter phosphorus
fe569768-ae21-46d8-815c-35eb9d9c74cd,chickpea deep application phoshorus
fe569768-ae21-46d8-815c-35eb9d9c74cd,in-crop rain phosphorus response
d5dd9b94-626d-482d-80bb-4f4258e3677f,deep application phosphorus rate
d5dd9b94-626d-482d-80bb-4f4258e3677f,deep application phosphorus yield
d5dd9b94-626d-482d-80bb-4f4258e3677f,deep application phosphorus time
f0a267dd-e46e-48e4-9753-111e3c607c1f,vegetative growth soil moisture
f0a267dd-e46e-48e4-9753-111e3c607c1f,Broadstrike vegetative growth
f0a267dd-e46e-48e4-9753-111e3c607c1f,slashing vegetative growth
9b946f0f-a662-49bc-a6a3-3a82a7209508,legumes phosphorus deficiency
9b946f0f-a662-49bc-a6a3-3a82a7209508,soil organic carbon increase phosphorus
9b946f0f-a662-49bc-a6a3-3a82a7209508,pastures phosphorus deficiency
38816577-9c50-4209-8832-7e75d3b75bb8,phosphorus potassium sulfur yield
38816577-9c50-4209-8832-7e75d3b75bb8,yield response time immobile nutrients
38816577-9c50-4209-8832-7e75d3b75bb8,nitrogen yield response phosphorus potassium sulfur
74a0327c-8c3e-48e4-9515-bd9285b4aac5,water limited yield potential underperformance
74a0327c-8c3e-48e4-9515-bd9285b4aac5,farming systems challenges grain
74a0327c-8c3e-48e4-9515-bd9285b4aac5,farming systems performance
3a9fbd6b-7684-4217-9734-6b58a1cad613,mungbean innoculation
3a9fbd6b-7684-4217-9734-6b58a1cad613,mungbean nodulation
3a9fbd6b-7684-4217-9734-6b58a1cad613,mungbean nitrogen deficiency
3b004763-3735-4d81-8f88-5b3daaea0b7b,phosphorus response yield
3b004763-3735-4d81-8f88-5b3daaea0b7b,potassium response yield
80e5783e-db02-4cdb-9653-41dc6ba46369,feather top rhodes grass herbicide
80e5783e-db02-4cdb-9653-41dc6ba46369,feather top rhodes grass herbicide mixture
80e5783e-db02-4cdb-9653-41dc6ba46369,feather top rhodes grass group D group K
85912d0c-9948-4f2b-b782-5087db666d2b,deep palcement phosphorus returns
85912d0c-9948-4f2b-b782-5087db666d2b,deep placement phosphorus treatment costs
85912d0c-9948-4f2b-b782-5087db666d2b,deep placement phosphorus economics
2724bd37-5010-4cff-8d31-f9cd1902fe59,planting time yield
2724bd37-5010-4cff-8d31-f9cd1902fe59,row spacing planting time
2724bd37-5010-4cff-8d31-f9cd1902fe59,variety planting time
db2c90c4-df32-4fc9-a56e-12e764608806,legume farming systems
db2c90c4-df32-4fc9-a56e-12e764608806,legumes mineral nitrogen
db2c90c4-df32-4fc9-a56e-12e764608806,legumes fertiliser
d0cf23c8-a710-4f29-ad50-c3e891d425ff,flowering temperature yield
d0cf23c8-a710-4f29-ad50-c3e891d425ff,flowering grain fill
d0cf23c8-a710-4f29-ad50-c3e891d425ff,flowering moisture stress
96d9bb10-0d33-4c20-8ead-40c496221d99,farming system intensity
96d9bb10-0d33-4c20-8ead-40c496221d99,farming system economic performance
96d9bb10-0d33-4c20-8ead-40c496221d99,crop choice economic performance
591ec284-301a-40fa-863f-8a14761fae9e,deep placement phosphorus cereal yield
591ec284-301a-40fa-863f-8a14761fae9e,deep placement phosphours nitrogen
591ec284-301a-40fa-863f-8a14761fae9e,deep placement phosphorus season
fed08af6-a889-418a-ae03-f41768cc5e7e,mungbean powdery mildew
fed08af6-a889-418a-ae03-f41768cc5e7e,mungbean foliar fungicide
fed08af6-a889-418a-ae03-f41768cc5e7e,mungbean plant resistance powdery mildew
83ffb0d8-6b41-4312-b512-d3344365a8fa,sodicity soil structure
83ffb0d8-6b41-4312-b512-d3344365a8fa,sodicity soil water
83ffb0d8-6b41-4312-b512-d3344365a8fa,sodicity microbial activity
ea7531c1-dc99-44ff-859c-63f7fd10142e,variety soil nitrogen
ea7531c1-dc99-44ff-859c-63f7fd10142e,variety starting soil water
ea7531c1-dc99-44ff-859c-63f7fd10142e,LongReach SpitfireP SuntopP
48c11016-51b6-4ff6-8022-8947d0b91cbc,plant population yield
48c11016-51b6-4ff6-8022-8947d0b91cbc,planting rate yield
48c11016-51b6-4ff6-8022-8947d0b91cbc,planting rate variety
e8f7f330-cd93-4cfd-96f6-67f13a3ab29d,wheat variety planting date
e8f7f330-cd93-4cfd-96f6-67f13a3ab29d,planting window wheat yield
e8f7f330-cd93-4cfd-96f6-67f13a3ab29d,yield potential wheat planting date
b641ba3d-68ad-471a-a99c-5e455c2c9505,plant establishment row spacing
b641ba3d-68ad-471a-a99c-5e455c2c9505,target population row spcing
b641ba3d-68ad-471a-a99c-5e455c2c9505,seeding rates row spacing
b2f07235-890b-4dfa-b5fa-434df3be5468,SuntopP nitrogen
b2f07235-890b-4dfa-b5fa-434df3be5468,high soil nitrogen variety
b2f07235-890b-4dfa-b5fa-434df3be5468,high soil nitrogen yield response
92dcc535-9f52-42d0-8ebe-c3f1f21c5ab9,stress sorghum
92dcc535-9f52-42d0-8ebe-c3f1f21c5ab9,stress maize
92dcc535-9f52-42d0-8ebe-c3f1f21c5ab9,maize sorghum stress
6a70d76e-b491-482f-a664-3a1c54f48d8b,soil organic carbon fallow period
6a70d76e-b491-482f-a664-3a1c54f48d8b,cropping system soil organic carbon
6a70d76e-b491-482f-a664-3a1c54f48d8b,soil organic carbon Queensland NSW
503b97b3-1d6b-45e9-bf56-f16a9fce1ff1,mungbean plant population yield
503b97b3-1d6b-45e9-bf56-f16a9fce1ff1,chickpea plant population yield
503b97b3-1d6b-45e9-bf56-f16a9fce1ff1,yield reduction plant population 
3649bbb1-2e56-4b56-ba5c-1f6a79766d50,Colwell P deep placement phosphorus
3649bbb1-2e56-4b56-ba5c-1f6a79766d50,in-crop rainfall deep placement phosphorus
3649bbb1-2e56-4b56-ba5c-1f6a79766d50,deep placement phosphorus surface soil
986dacfd-4c7b-4a0d-a50d-c68ed0b77995,soybean antinutrients boiling
986dacfd-4c7b-4a0d-a50d-c68ed0b77995,soybean digestibility
986dacfd-4c7b-4a0d-a50d-c68ed0b77995,soybean protein efficiency ratio
ef449299-4159-4fde-b72e-21e3c8123c7b,phosphorus carbon sequestration
ef449299-4159-4fde-b72e-21e3c8123c7b,phosphorus soil organic carbon
84cedd02-be72-4625-ba25-0a5d5b971bdd,nitrogen fertiliser placement N2O emissions
84cedd02-be72-4625-ba25-0a5d5b971bdd,deep placement fertiliser N2O emissions
84cedd02-be72-4625-ba25-0a5d5b971bdd,emissions factor fertiliser placement
8b93e931-53df-4475-acd8-5134bbb6b2e9,PBA WhartonP stress tolerance
8b93e931-53df-4475-acd8-5134bbb6b2e9,PBA WhartonP yield stability
8b93e931-53df-4475-acd8-5134bbb6b2e9,PBA WhartonP gross margin
72aa424f-7533-4310-8380-e9854a421653,sodicity salinity
72aa424f-7533-4310-8380-e9854a421653,transient salinity
72aa424f-7533-4310-8380-e9854a421653,salt root zone
d2d8a904-8f8b-4a14-adf3-5a08c63c0978,vetches disease
d2d8a904-8f8b-4a14-adf3-5a08c63c0978,vetches hay drying time
d3123754-b016-4a58-bded-27e8022d6b7e,clover acidity
d3123754-b016-4a58-bded-27e8022d6b7e,clover nodulatoin
9e26e52d-a094-4fb8-b3f0-73e5548c6798,crown rot
9e26e52d-a094-4fb8-b3f0-73e5548c6798,break crops for crown rot
9e26e52d-a094-4fb8-b3f0-73e5548c6798,inoculum
9e26e52d-a094-4fb8-b3f0-73e5548c6798,Queensland
9e26e52d-a094-4fb8-b3f0-73e5548c6798,New south wales
9e26e52d-a094-4fb8-b3f0-73e5548c6798,NSW
9e26e52d-a094-4fb8-b3f0-73e5548c6798,crop choice
acced6bd-2ce7-42e6-964b-ffe7850af4bf,deep P profitability
acced6bd-2ce7-42e6-964b-ffe7850af4bf,deep p in central Queensland
acced6bd-2ce7-42e6-964b-ffe7850af4bf,yield responses to deep P in CQ
6a0ece77-3bcb-4b4e-9f6c-facd8e5f08b9,deep P
6a0ece77-3bcb-4b4e-9f6c-facd8e5f08b9,reapplying deep P
6a0ece77-3bcb-4b4e-9f6c-facd8e5f08b9,Central Queensland deep P
6a0ece77-3bcb-4b4e-9f6c-facd8e5f08b9,deep P responses
598e3c7b-40d3-463d-8a2e-a51201a3aa2c,grain yield responses to deep P
598e3c7b-40d3-463d-8a2e-a51201a3aa2c,reapplying deep P
598e3c7b-40d3-463d-8a2e-a51201a3aa2c,deep P rates
598e3c7b-40d3-463d-8a2e-a51201a3aa2c,how long does deep P last in the soil
4f46514a-4f79-44ca-b4d5-64d57a973bbb,best use of rainfall
4f46514a-4f79-44ca-b4d5-64d57a973bbb,water use efficiency and stored soil water
4f46514a-4f79-44ca-b4d5-64d57a973bbb,grain yield and starting soil water
4f46514a-4f79-44ca-b4d5-64d57a973bbb,chickpea yield and stored soil water
4f46514a-4f79-44ca-b4d5-64d57a973bbb,stored soil water and grain yield
4f46514a-4f79-44ca-b4d5-64d57a973bbb,Queensland
4f46514a-4f79-44ca-b4d5-64d57a973bbb,northern grain region
67e83cbb-41c2-4d81-8100-eb5c80fe501b,Queensland
67e83cbb-41c2-4d81-8100-eb5c80fe501b,soil carbon from pastures
67e83cbb-41c2-4d81-8100-eb5c80fe501b,pastures to fix old crop land
67e83cbb-41c2-4d81-8100-eb5c80fe501b,soil carbon decline
67e83cbb-41c2-4d81-8100-eb5c80fe501b,soil organic matter
67e83cbb-41c2-4d81-8100-eb5c80fe501b,nitrogen fertiliser
bbd9ed9f-f210-4e81-9d7c-fe612d21aae3,economics of deep P
bbd9ed9f-f210-4e81-9d7c-fe612d21aae3,deep P application Queensland
bbd9ed9f-f210-4e81-9d7c-fe612d21aae3,Deep P application NSW
bbd9ed9f-f210-4e81-9d7c-fe612d21aae3,returns from deep P fertiliser
10a7e5bb-ca27-4123-9ae4-338047e9454a,reliability of deep P responses
10a7e5bb-ca27-4123-9ae4-338047e9454a,western downs
10a7e5bb-ca27-4123-9ae4-338047e9454a,southern Queensland
10a7e5bb-ca27-4123-9ae4-338047e9454a,wet years and deep P
20c96350-27f2-48a8-ac1b-78d699343600,5 mg/kg colwell
20c96350-27f2-48a8-ac1b-78d699343600,5 mg/kg bicarbonate P
20c96350-27f2-48a8-ac1b-78d699343600,subsoil P levels for responses
20c96350-27f2-48a8-ac1b-78d699343600,grain yield and deep P
bd1fb3d9-dc37-44d7-81e4-2373ccd86ee0,snails in grain
bd1fb3d9-dc37-44d7-81e4-2373ccd86ee0,grain harvest and snails
bd1fb3d9-dc37-44d7-81e4-2373ccd86ee0,grain quality
bd1fb3d9-dc37-44d7-81e4-2373ccd86ee0,grain contaminants
0b848f86-8160-4512-bd54-2239d9ba07c1,N2O emissions
0b848f86-8160-4512-bd54-2239d9ba07c1,Nitrogen turnover
0b848f86-8160-4512-bd54-2239d9ba07c1,Nitrogen mineralisation
0b848f86-8160-4512-bd54-2239d9ba07c1,zero tillage
0b848f86-8160-4512-bd54-2239d9ba07c1,tillage impatcs on nitrigen loss
b008a3e3-37af-4b6b-8be6-07e929649b55,high pH
b008a3e3-37af-4b6b-8be6-07e929649b55,grain productivity
b008a3e3-37af-4b6b-8be6-07e929649b55,pH 9
b008a3e3-37af-4b6b-8be6-07e929649b55,alkaline soils
7f5eda26-950d-4038-a3b9-d72e213cfed6,soil carbon decline
7f5eda26-950d-4038-a3b9-d72e213cfed6,soil carbon increase
7f5eda26-950d-4038-a3b9-d72e213cfed6,pastures for soil carbon on crop lands
6504fbbc-d62f-4ce5-aa73-756b526daa94,legume  break crops
6504fbbc-d62f-4ce5-aa73-756b526daa94,pasture legumes
6504fbbc-d62f-4ce5-aa73-756b526daa94,green manure benefits
6504fbbc-d62f-4ce5-aa73-756b526daa94,Western Australia
6504fbbc-d62f-4ce5-aa73-756b526daa94,grain cropping
8f2f1f17-71ae-4b27-8601-52e04f7df2e7,root lesion nematodes
8f2f1f17-71ae-4b27-8601-52e04f7df2e7,nematodes in grain cropping
8f2f1f17-71ae-4b27-8601-52e04f7df2e7,minimising nematode levels in grain soils
cf339535-3afe-4d36-b113-6350197c274b,fallow efficiency
cf339535-3afe-4d36-b113-6350197c274b,drivers of fallow efficiency
cf339535-3afe-4d36-b113-6350197c274b,soilwater storage
cf339535-3afe-4d36-b113-6350197c274b,central west NSW
eaa011e0-53ca-4a6f-b125-40772f58d519,removal of lucerne phases
eaa011e0-53ca-4a6f-b125-40772f58d519,northern grain region
eaa011e0-53ca-4a6f-b125-40772f58d519,soil water
eaa011e0-53ca-4a6f-b125-40772f58d519,nitiogen levels
6ddf060f-1fb4-4ddc-abcb-4961081f830a,crown rot
6ddf060f-1fb4-4ddc-abcb-4961081f830a,southern Queensland 
6ddf060f-1fb4-4ddc-abcb-4961081f830a,yield loss from crown rot
6ddf060f-1fb4-4ddc-abcb-4961081f830a,crown rot resistance
8d7dba52-73cd-422a-8612-99bfc3d9e4b3,potassium and legumes
8d7dba52-73cd-422a-8612-99bfc3d9e4b3,K and legumes
8d7dba52-73cd-422a-8612-99bfc3d9e4b3,potassium balance with legumes
8d7dba52-73cd-422a-8612-99bfc3d9e4b3,potassium export in grain
8d7dba52-73cd-422a-8612-99bfc3d9e4b3,potassium deficiency
c9d8b63a-f3be-4bb4-929a-3ef29ebfff38,nitrogen balance and legumes
c9d8b63a-f3be-4bb4-929a-3ef29ebfff38,nitrogen balance in farming systems
c9d8b63a-f3be-4bb4-929a-3ef29ebfff38,nitrogen fixation and nitrogen export
1d8223d3-43d7-42bc-9eb9-32356d198d8d,cover crops
1d8223d3-43d7-42bc-9eb9-32356d198d8d,cover crops in long fallows
1d8223d3-43d7-42bc-9eb9-32356d198d8d,cover crops in droughts
1d8223d3-43d7-42bc-9eb9-32356d198d8d,western downs
b49cbd26-3b97-4d69-bb56-84f74345c641,legumes and nitrogen savings
b49cbd26-3b97-4d69-bb56-84f74345c641,legumes in farming systems
b49cbd26-3b97-4d69-bb56-84f74345c641,nitrogen fixation and soil nitrogen levels
b49cbd26-3b97-4d69-bb56-84f74345c641,nitrogen balance when i grow more legumes
8ef50450-c493-418f-accc-53185b4acd14,soil nitrogen and nodulation of mungbeans
8ef50450-c493-418f-accc-53185b4acd14,inoculation of munbeans
8ef50450-c493-418f-accc-53185b4acd14,inoculation and nitrgen fertiliser on munbeans
eb688509-512c-4347-b40a-2d1c5c15d020,deep p
eb688509-512c-4347-b40a-2d1c5c15d020,deep phosphorus fertiliser
eb688509-512c-4347-b40a-2d1c5c15d020,western down deep P
2af014ef-5164-43d9-be32-4d53941c5cd7,deep phosphorus
2af014ef-5164-43d9-be32-4d53941c5cd7,deep p
2af014ef-5164-43d9-be32-4d53941c5cd7,economics of deep phosphorus
2af014ef-5164-43d9-be32-4d53941c5cd7,western downs phosphorus
4668dbac-e17b-46c9-8e1f-03293e43b2be,row spacing and powdery mildew
4668dbac-e17b-46c9-8e1f-03293e43b2be,mungbean row spacing and powdery mildew
4668dbac-e17b-46c9-8e1f-03293e43b2be,powdery mildew on mungbeans
4668dbac-e17b-46c9-8e1f-03293e43b2be,row spacing and powdery mildew control in mungbeans
e4a5bfdb-c62c-4a70-9735-280b8c71b9e7,phosphorus removal wheat grain
e4a5bfdb-c62c-4a70-9735-280b8c71b9e7,removal phosphorus wheat harvesting
1a3f09be-ba97-4a33-8da1-df64d8af603f,yield row spacing 
1a3f09be-ba97-4a33-8da1-df64d8af603f,row spacing high yield
1a3f09be-ba97-4a33-8da1-df64d8af603f,row spacing weather conditions
370c230d-cb9e-4b6f-b647-ca67244794f6,Sulfur sunflower yield
370c230d-cb9e-4b6f-b647-ca67244794f6,sulfur double cropping
370c230d-cb9e-4b6f-b647-ca67244794f6,sulfur long fallow
cf93752d-e2e6-4d6e-9aab-0b5fd8acf975,cover crop soil water
cf93752d-e2e6-4d6e-9aab-0b5fd8acf975,cover crop fallow ground cover
39fb7090-0714-4f49-a32f-20604aa89755,break crop root leison nematode
39fb7090-0714-4f49-a32f-20604aa89755,break crop nitrogen 
39fb7090-0714-4f49-a32f-20604aa89755,break crop profitability
82600268-e8b3-45d3-b4c5-b3db546ec359,cover crop soil water
82600268-e8b3-45d3-b4c5-b3db546ec359,cover crop fallow length
82600268-e8b3-45d3-b4c5-b3db546ec359,cover crop termination
f7184b30-c77d-493e-940a-d1d56c91975e,phosphorus starter application yield
f7184b30-c77d-493e-940a-d1d56c91975e,phosphorus deep placement yield
f7184b30-c77d-493e-940a-d1d56c91975e,phosphorus fertiliser rainfall yield
fdc4ab7d-5157-4beb-891c-16c41f331005,residual herbicide fallow weeds
fdc4ab7d-5157-4beb-891c-16c41f331005,residual knockdown herbicides weed control
daabc99d-a494-42ba-bb75-d3b87ba64369,variety powdery mildew rating
daabc99d-a494-42ba-bb75-d3b87ba64369,Green Diamond powdery mildew
daabc99d-a494-42ba-bb75-d3b87ba64369,Jade-AUP powdery mildew
c12e55d9-29b3-46b7-9485-8b6a79a9b3c5,subsoil constraint queensland
c12e55d9-29b3-46b7-9485-8b6a79a9b3c5,ESP ECse Cl subsoil constraint
c6d2aae7-621f-4348-b22c-c7df8563dbc5,cropping system water use efficiency
c6d2aae7-621f-4348-b22c-c7df8563dbc5,cropping system fallow efficiency
c6d2aae7-621f-4348-b22c-c7df8563dbc5,manure water use efficiency
8820096c-095b-4ac9-8f1c-6847e61a2aab,ground cover cover crop
8820096c-095b-4ac9-8f1c-6847e61a2aab,ground cover chickpea stubble
8820096c-095b-4ac9-8f1c-6847e61a2aab,cover crop termination
a708a274-45c7-46a0-817b-d567ec34223f,tillage radish biomass
a708a274-45c7-46a0-817b-d567ec34223f,tillage radish termination
a708a274-45c7-46a0-817b-d567ec34223f,tillage radish cover crop
a43931fd-d207-406f-a90f-dd319ae9e265,fertiliser yield subsoil constraints
a43931fd-d207-406f-a90f-dd319ae9e265,fertiliser subsoil constraints cost saving
4815f26e-196e-46cb-84ae-9382cb076029,fungicide application
4815f26e-196e-46cb-84ae-9382cb076029,fungicide efficacy
4815f26e-196e-46cb-84ae-9382cb076029,fungicide timing
44709ac2-d1c3-468f-8a8b-cdd7140d4bab,root activity soil moisture
44709ac2-d1c3-468f-8a8b-cdd7140d4bab,root activity subsoil
44709ac2-d1c3-468f-8a8b-cdd7140d4bab,root activity surface soil
00e858f2-6d0b-4f1b-8f08-81c112edb7b8,phosphorus deep placement season
00e858f2-6d0b-4f1b-8f08-81c112edb7b8,phosphorus deep placement soil water
00e858f2-6d0b-4f1b-8f08-81c112edb7b8,phosphorus deep placement pay-off period
432417a7-abe8-42da-9eff-d8b90d821608,flowering date yield
432417a7-abe8-42da-9eff-d8b90d821608,sowing date yield
6515d24f-f7cc-42a5-8f24-7967e3a99729,herbicide summer grass control
6515d24f-f7cc-42a5-8f24-7967e3a99729,herbicide combination fallow in-crop
6515d24f-f7cc-42a5-8f24-7967e3a99729,Flame A Group D Group K summer grass control
5e9a17ca-7e71-4284-a3b1-dc979e515202,crop rotation profitability
5e9a17ca-7e71-4284-a3b1-dc979e515202,wheat/chickpea rotation profitability
bfea272c-547b-4820-b441-22b8e58dc67d,mungbean roots and fertiliser
bfea272c-547b-4820-b441-22b8e58dc67d,mungbean planting fertiliser
bfea272c-547b-4820-b441-22b8e58dc67d,planting rows fertiliser rows mungbean
74a6fe65-b951-473a-a77d-3e260a410b59,sorghum central queensland planting time
74a6fe65-b951-473a-a77d-3e260a410b59,frost risk sorghum temperature
74a6fe65-b951-473a-a77d-3e260a410b59,sorghum planting time heat stress
8ae4a397-ea36-4bfe-a4ae-506fd76d0a59,pasture phase soil organic carbon
8ae4a397-ea36-4bfe-a4ae-506fd76d0a59,pasture phase biomass production nutrition
c1b060fb-4a49-4b0f-bd9f-6f8d5291c6cf,stubble cover soil water
c1b060fb-4a49-4b0f-bd9f-6f8d5291c6cf,stubble cover yield
c1b060fb-4a49-4b0f-bd9f-6f8d5291c6cf,chickpea stubble cover
44ebfa49-a0e4-4871-a38d-fed014c7b274,herbicide weed control mode of action
44ebfa49-a0e4-4871-a38d-fed014c7b274,White Flame A weed control
44ebfa49-a0e4-4871-a38d-fed014c7b274,herbicide combination
78da9646-36a4-4bac-93b5-ce13319b76e5,cover crop yield
78da9646-36a4-4bac-93b5-ce13319b76e5,cover crop returns
78da9646-36a4-4bac-93b5-ce13319b76e5,cover crops soil water storage
109be766-5e8f-4cf0-b26a-d42fd6f2f273,pasture phase mixed pharming profitability
109be766-5e8f-4cf0-b26a-d42fd6f2f273,pasture phase continuous cropping profitability
7aed2559-44be-40a6-899e-994b2e566204,fallow efficiency high crop intensity
7aed2559-44be-40a6-899e-994b2e566204,fallow efficiency low crop intensity
b229bb50-7f75-4a8c-8b11-262d32ef6eaa,Mungbean phosphorus rate
b229bb50-7f75-4a8c-8b11-262d32ef6eaa,mungbean long fallow
b229bb50-7f75-4a8c-8b11-262d32ef6eaa,mungbean AMF
591b246c-cd00-4b67-9b2d-60dfeed4ec9c,time of sowing mungbean
591b246c-cd00-4b67-9b2d-60dfeed4ec9c,time of sowing yield
ae422ef1-60b0-4dbb-ac5e-a4660ae66723,deep placement phosphorus economic response
ae422ef1-60b0-4dbb-ac5e-a4660ae66723,deep palcement phosphorus rate
ae422ef1-60b0-4dbb-ac5e-a4660ae66723,deep placement phosphorus time of response
e54f5bc3-cef0-4b98-be7a-11c379e0053a,farming system performance Queensland NSW
e54f5bc3-cef0-4b98-be7a-11c379e0053a,water limited yield potential crop sequences 
732ac632-1a84-4223-8a2e-8d59f8017508,deep banded nutrients plant uptake
732ac632-1a84-4223-8a2e-8d59f8017508,nutrient uptake root system
732ac632-1a84-4223-8a2e-8d59f8017508,nutrient uptake in-crop rainfall
01f2a21f-02c3-4a46-b4a1-91eeca022593,deep placement phosphorus nitrogen
01f2a21f-02c3-4a46-b4a1-91eeca022593,deep placement postassium nitrogen
01f2a21f-02c3-4a46-b4a1-91eeca022593,nitrogen cereal yield
428caf3e-56b5-404b-a1df-b1d0c8fcb644,manure crop performance
428caf3e-56b5-404b-a1df-b1d0c8fcb644,manure cropping system
428caf3e-56b5-404b-a1df-b1d0c8fcb644,manure yield
86314472-06f5-4f40-bb0b-b2a91e624a34,residual herbicide mixture cost
86314472-06f5-4f40-bb0b-b2a91e624a34,residual herbicide mixture weed control
86314472-06f5-4f40-bb0b-b2a91e624a34,residual herbicide mixture braodleaf grass weeds
d74e7527-ea18-4efd-823a-0f6227e7c08c,mungbean row spacing
d74e7527-ea18-4efd-823a-0f6227e7c08c,mungbean row spacing yield
d74e7527-ea18-4efd-823a-0f6227e7c08c,row spacing dry matter mungbean
d74e7527-ea18-4efd-823a-0f6227e7c08c,row spacing mungbean water extraction
e2f5af2d-3d1d-48ec-bc46-4fd882904240,mungbean row spacing yield
e2f5af2d-3d1d-48ec-bc46-4fd882904240,narrow row spacing
c43d07f2-006f-4a18-a4c1-47f279bfdbdb,sorghum deep placement phosphorus yield
c43d07f2-006f-4a18-a4c1-47f279bfdbdb,sorghum deep placement phosphorus surface soil
c43d07f2-006f-4a18-a4c1-47f279bfdbdb,sorghum deep placement phoshorus rate
01704a22-b713-43e5-bb1c-d5c9b2105104,row spacing grain yield
01704a22-b713-43e5-bb1c-d5c9b2105104,row spacing protein
01704a22-b713-43e5-bb1c-d5c9b2105104,high yield conditions row spacing
c94e9bc4-9558-4ecc-b0c1-43ef6687b3d2,pasture soil organic carbon
c94e9bc4-9558-4ecc-b0c1-43ef6687b3d2,nitrogen pasture soil organic carbon
c94e9bc4-9558-4ecc-b0c1-43ef6687b3d2,carbon buildup pasture fertility
0a4ac9eb-5898-4c0f-958e-d4fe40dbc45f,in-crop rainfall pod set
0a4ac9eb-5898-4c0f-958e-d4fe40dbc45f,pod set harvest index
0a4ac9eb-5898-4c0f-958e-d4fe40dbc45f,pod set yield
9ee56cae-ccf6-4870-8f98-2f00eee9bc74,manure yield
9ee56cae-ccf6-4870-8f98-2f00eee9bc74,manure inorganic nutrients
9ee56cae-ccf6-4870-8f98-2f00eee9bc74,fertiliser placement
48fb76bf-a673-4c39-91e6-4111f942ade0,grain yield deep phosphorus sorghum
48fb76bf-a673-4c39-91e6-4111f942ade0,deep phosphorous longevity
48fb76bf-a673-4c39-91e6-4111f942ade0,grain yield response deep phosphorus
3c4ce120-f18c-4a79-b596-8808b8236cdf,sorghum deep placement phosphorus yield
3c4ce120-f18c-4a79-b596-8808b8236cdf,sorghum surface phosphorus yield
bc159145-7963-4bca-87dc-0e9d00e0535d,soil cover soil water
bc159145-7963-4bca-87dc-0e9d00e0535d,soil cover erosion
bc159145-7963-4bca-87dc-0e9d00e0535d,soil cover drought
6db7b6ff-dbdd-4930-b241-0c9f9f564186,chickpea rooting depth
6db7b6ff-dbdd-4930-b241-0c9f9f564186,chickpea water extraction depth
3f1f437a-1b76-48d4-aa77-444f5885fe5d,nodulation mungbean soil nitrogen
3f1f437a-1b76-48d4-aa77-444f5885fe5d,nodulation mungbean reduction
0b97f920-728f-4449-a30a-8510bed46c7f,soil nitrogen rhizobia population
0b97f920-728f-4449-a30a-8510bed46c7f,soil nitrogen mungbean biomass
0b97f920-728f-4449-a30a-8510bed46c7f,soil nitrogen mungbean innoculation
2f495666-3dcb-4059-93ef-0d8f767c2168,summer cropping central queensland
2f495666-3dcb-4059-93ef-0d8f767c2168,winter cropping central queensland
2f495666-3dcb-4059-93ef-0d8f767c2168,soil water storage winter cropping
3b93229a-ed05-46b6-bb6a-c7848a1d7854,subsoil phosphorus response
3b93229a-ed05-46b6-bb6a-c7848a1d7854,sinter cereal crops phosphorus
3b93229a-ed05-46b6-bb6a-c7848a1d7854,summer cereal crops phosphorus
576b529d-ed68-4ea0-8b18-886724f9a31b,crown rot durum wheat
576b529d-ed68-4ea0-8b18-886724f9a31b,crown rot barley
576b529d-ed68-4ea0-8b18-886724f9a31b,crown rot winter cereal
12246661-a0e2-44b1-9a4e-52cd83745906,row spacing dry season
12246661-a0e2-44b1-9a4e-52cd83745906,row spacing high yielding year
12246661-a0e2-44b1-9a4e-52cd83745906,row spacing low yielding year
d1e4acba-ef4b-419c-84f5-13d2a9030522,pulses nitrogen fixation
d1e4acba-ef4b-419c-84f5-13d2a9030522,pulses profitability
d1e4acba-ef4b-419c-84f5-13d2a9030522,pulses soil nitrogen
37cffa36-ed5c-4f33-80c8-e1927ade6131,sorghum MR-Buster
37cffa36-ed5c-4f33-80c8-e1927ade6131,central Queensland MR-Buster
37cffa36-ed5c-4f33-80c8-e1927ade6131,central Queensland sorghum planting system
d056cb1d-29d8-4a10-8f1d-b82d87d2489d,millet cover crop
d056cb1d-29d8-4a10-8f1d-b82d87d2489d,millet soil water
d056cb1d-29d8-4a10-8f1d-b82d87d2489d,millet ground cover
b1456028-0322-4b8e-9794-637dc1365864,crown rot cereal yield
b1456028-0322-4b8e-9794-637dc1365864,crown rot barley
b1456028-0322-4b8e-9794-637dc1365864,crown rot wheat
3e3b5ff1-b6fd-421e-84a3-1677e83c4214,row spacing harvest index
3e3b5ff1-b6fd-421e-84a3-1677e83c4214,row spacing plant population
3e3b5ff1-b6fd-421e-84a3-1677e83c4214,row spacing yield
45cf3c57-978e-46f9-bc86-7d557c195c35,narrow row spacing dry matter yield
45cf3c57-978e-46f9-bc86-7d557c195c35,narrow row spacing grain yield
45cf3c57-978e-46f9-bc86-7d557c195c35,narrow row spacing in-crop rainfall
68c7f19a-e840-4f31-89c3-b5d5047fd00e,deep phosphorus chickpea
68c7f19a-e840-4f31-89c3-b5d5047fd00e,deep phosphorus pulse crops
68c7f19a-e840-4f31-89c3-b5d5047fd00e,deep phosphorus yield
928f9d91-9bf0-4d65-b334-2161dfd44c58,cover crops fallow water storage
928f9d91-9bf0-4d65-b334-2161dfd44c58,cover crops return
928f9d91-9bf0-4d65-b334-2161dfd44c58,cover crops northern farming systems
c2dd4bf5-9e7a-4e0f-b52c-e4b96ca45361,glyphosate resistance
c2dd4bf5-9e7a-4e0f-b52c-e4b96ca45361,resistant weeds
c2dd4bf5-9e7a-4e0f-b52c-e4b96ca45361,resistant species
f58dd896-43ee-49bd-b5db-3a0a412b96ce,herbicide efficacy
f58dd896-43ee-49bd-b5db-3a0a412b96ce,herbicide persistance
f58dd896-43ee-49bd-b5db-3a0a412b96ce,herbicide environment
b36eb60b-2c36-4945-9714-9f1d2f26ba46,crown rot control
b36eb60b-2c36-4945-9714-9f1d2f26ba46,crown rot non-host crops
b36eb60b-2c36-4945-9714-9f1d2f26ba46,crown rot inoculum reduction
011b1dd5-2d03-4002-b3df-86f682cf5144,water use efficiency soil moisture
011b1dd5-2d03-4002-b3df-86f682cf5144,chickpea soil water
011b1dd5-2d03-4002-b3df-86f682cf5144,wheat soil water
011b1dd5-2d03-4002-b3df-86f682cf5144,sorghum soil water
d554ff2c-fb8c-4e8a-a7b5-6f9836793d67,planting date variety
d554ff2c-fb8c-4e8a-a7b5-6f9836793d67,planting date flowering
d554ff2c-fb8c-4e8a-a7b5-6f9836793d67,planting date yield
880e95d6-04ff-4575-956d-7ddf80df0873,season deep placement phosphorus yield
880e95d6-04ff-4575-956d-7ddf80df0873,in-season rainfall deep placement phosphorus response
880e95d6-04ff-4575-956d-7ddf80df0873,deep placement phosphorus season
41de796a-49fe-4c13-b43c-394f33698e97,time of sowing yield
41de796a-49fe-4c13-b43c-394f33698e97,time of sowing April
41de796a-49fe-4c13-b43c-394f33698e97,planting date yield
79663aa8-3d57-462b-82fe-0f1c09847fa2,planting density wheat yield
79663aa8-3d57-462b-82fe-0f1c09847fa2,dryland wheat planting density
79663aa8-3d57-462b-82fe-0f1c09847fa2,Queensland wheat planting density
f4869f4d-8885-4d75-95e1-6dccde31b43d,plant population yield decline
f4869f4d-8885-4d75-95e1-6dccde31b43d,plant population maximum yield
f4869f4d-8885-4d75-95e1-6dccde31b43d,plant population yield variety
6fec11b9-2163-4c2f-9291-cbddc0f8f945,residual herbicide weed control
6fec11b9-2163-4c2f-9291-cbddc0f8f945,residual herbicide application
6fec11b9-2163-4c2f-9291-cbddc0f8f945,residual herbicide weed control time
4b0151c0-a2ea-4125-9dc2-5f38681eea22,grain protein dilution nitrogen
4b0151c0-a2ea-4125-9dc2-5f38681eea22,grain protein variety
4b0151c0-a2ea-4125-9dc2-5f38681eea22,high yielding variety nitrogen
3f4a704f-b5d3-4b3b-b22e-b242abcae97a,phosphorus band spacing deep placement
3f4a704f-b5d3-4b3b-b22e-b242abcae97a,yield phosphorus deep placement
3437cec8-3ac0-4266-9e64-d17e09e8d2a5,nitrogen yield potential
3437cec8-3ac0-4266-9e64-d17e09e8d2a5,escessive nitrogen yield
3437cec8-3ac0-4266-9e64-d17e09e8d2a5,nitrogen grain protein
fb72605c-2c33-4e92-ba0d-8a0f9864d6b1,deep application phosphorus season
fb72605c-2c33-4e92-ba0d-8a0f9864d6b1,deep application potassium season
fb72605c-2c33-4e92-ba0d-8a0f9864d6b1,deep application phophorus surface soil
4b5173dd-0da0-4fcd-b26c-8b1fa29e75db,plant population variety
4b5173dd-0da0-4fcd-b26c-8b1fa29e75db,plant population yield
4b5173dd-0da0-4fcd-b26c-8b1fa29e75db,plant population season
8803c93e-9ac7-4769-ae00-e4f973e65028,vetch barley cropping system
8803c93e-9ac7-4769-ae00-e4f973e65028,harvest time vetch barley
8803c93e-9ac7-4769-ae00-e4f973e65028,rainfed vetch barley
761109b1-20f7-40a8-88d6-298db6609b7e,sugar beet drought stress
761109b1-20f7-40a8-88d6-298db6609b7e,sugar beet ABA
59529173-9d91-4ec5-a742-ada97cc0ecd6,phosphorus rice
59529173-9d91-4ec5-a742-ada97cc0ecd6,phosphorus wheat
59529173-9d91-4ec5-a742-ada97cc0ecd6,phosphorus fertiliser rate
8bfccbab-fdc1-4a20-9099-05a4ad0dcd12,pastures impact on soil carbon
8bfccbab-fdc1-4a20-9099-05a4ad0dcd12,pastures impact on soil organic matter
8bfccbab-fdc1-4a20-9099-05a4ad0dcd12,old cropping soils and organic matter
8bfccbab-fdc1-4a20-9099-05a4ad0dcd12,fertilty decline in Queensland
8bfccbab-fdc1-4a20-9099-05a4ad0dcd12,Fertility decline in cropping soils
8bfccbab-fdc1-4a20-9099-05a4ad0dcd12,stopping fertility decline
77bd9ff8-9a90-4a53-901a-98b60511a7cb,deep p bands
77bd9ff8-9a90-4a53-901a-98b60511a7cb,row spacing and deep P
77bd9ff8-9a90-4a53-901a-98b60511a7cb,deep phosphorus band spacing
77bd9ff8-9a90-4a53-901a-98b60511a7cb,using deep phosphorus
8c864cab-bddc-495f-bca9-1b3f864240fc,rainfall lost to evaporation
8c864cab-bddc-495f-bca9-1b3f864240fc,fallow water storage in Queensland grain regions
8c864cab-bddc-495f-bca9-1b3f864240fc,water balance in Queensland grain systems
8c864cab-bddc-495f-bca9-1b3f864240fc,evaporation
8c864cab-bddc-495f-bca9-1b3f864240fc,runoff
8c864cab-bddc-495f-bca9-1b3f864240fc,transpiration
01dfeeb3-d2e7-49fd-a885-ac2b3adc1412,canola blackleg
01dfeeb3-d2e7-49fd-a885-ac2b3adc1412,canola disease
01dfeeb3-d2e7-49fd-a885-ac2b3adc1412,canola sclerotnia
b7aaf84c-57ec-4241-8b43-c50913a361d6,soil organic matter 
b7aaf84c-57ec-4241-8b43-c50913a361d6,soil organic carbon decline
b7aaf84c-57ec-4241-8b43-c50913a361d6,rebuilding soil organic matter
b7aaf84c-57ec-4241-8b43-c50913a361d6,lifting soil organic matter quickly
b7aaf84c-57ec-4241-8b43-c50913a361d6,pastures on old cropping country
b7aaf84c-57ec-4241-8b43-c50913a361d6,pasture phases for healthy soils
e73b48bd-0ccf-4979-8594-02e9949b5cf5,cover crops
e73b48bd-0ccf-4979-8594-02e9949b5cf5,short fallows and cover crops
e73b48bd-0ccf-4979-8594-02e9949b5cf5,cover crops in dry seasons
e73b48bd-0ccf-4979-8594-02e9949b5cf5,fallow water storage
94f68775-ef65-4df4-b7d5-1dcf21dfbe02,cover crops for cotton
94f68775-ef65-4df4-b7d5-1dcf21dfbe02,infiltration from cover crops
94f68775-ef65-4df4-b7d5-1dcf21dfbe02,do cover crops help cotton
94f68775-ef65-4df4-b7d5-1dcf21dfbe02,southern Queensland
94f68775-ef65-4df4-b7d5-1dcf21dfbe02,early growth
94f68775-ef65-4df4-b7d5-1dcf21dfbe02,cover and early crop growth
aeaac4f9-b85d-4cf5-9c76-621afcf18575,farming system performance
aeaac4f9-b85d-4cf5-9c76-621afcf18575,cost of poor farming systems choices
aeaac4f9-b85d-4cf5-9c76-621afcf18575,economics of cropping systems choices
aeaac4f9-b85d-4cf5-9c76-621afcf18575,queensland
aeaac4f9-b85d-4cf5-9c76-621afcf18575,new south wales
318080c6-1268-4959-bccf-2a827d774e20,drivers of farming systems performance
318080c6-1268-4959-bccf-2a827d774e20,northern grain region
318080c6-1268-4959-bccf-2a827d774e20,crops per year
318080c6-1268-4959-bccf-2a827d774e20,nsw
318080c6-1268-4959-bccf-2a827d774e20,qld
1b90157f-3fe7-4498-9b96-9f37435fedf2,boosting soil organic carbon on grain farms
1b90157f-3fe7-4498-9b96-9f37435fedf2,soil organic matter decline
1b90157f-3fe7-4498-9b96-9f37435fedf2,pasture phases
c90ba6eb-5391-4d9d-a8b7-6b5c2028f1ba,loss of soil carbon
c90ba6eb-5391-4d9d-a8b7-6b5c2028f1ba,loss of soil organic matter
c90ba6eb-5391-4d9d-a8b7-6b5c2028f1ba,nutrient decline in grain cropping
c90ba6eb-5391-4d9d-a8b7-6b5c2028f1ba,value of soil organic matter
c90ba6eb-5391-4d9d-a8b7-6b5c2028f1ba,nutrients
2d6619bb-4a29-45b7-8e77-4a2e0d01c245,nitrogen and deep phosphorus
2d6619bb-4a29-45b7-8e77-4a2e0d01c245,maximising resposnes to deep p
2d6619bb-4a29-45b7-8e77-4a2e0d01c245,central queensland
82e03fce-5d03-4d30-915e-cca13a0bedb1,fallow length
82e03fce-5d03-4d30-915e-cca13a0bedb1,soil organic carbon levels
82e03fce-5d03-4d30-915e-cca13a0bedb1,drivers of soil carbon losses
82e03fce-5d03-4d30-915e-cca13a0bedb1,Queensland
82e03fce-5d03-4d30-915e-cca13a0bedb1,nsw
3ca34ce7-4fc7-45b6-ba8b-d1bc42a82902,superphosphate for deep applications
3ca34ce7-4fc7-45b6-ba8b-d1bc42a82902,south Queensland
3ca34ce7-4fc7-45b6-ba8b-d1bc42a82902,MAP vs superphosphate deep P
3ca34ce7-4fc7-45b6-ba8b-d1bc42a82902,deep p

